[
    {
        "name": "жоричек",
        "rarity": "обычная",
        "positive": "мяу мяу",
        "negative": "",
        "price": 10,
        "coins": 5,
        "image_path": "bot_data/images/46993b45-c0a5-43f4-b467-b5e9f5575012.jpg",
        "id": "cb1c08fc",
        "owner_id": "5244278709",
        "created_at": "2026-02-14T05:18:14.503606"
    },
    {
        "name": "Артур",
        "rarity": "легендарная",
        "positive": "легенда",
        "negative": "снесут еблет если не поздороваешься",
        "price": 30,
        "coins": 34,
        "image_path": "bot_data/images/fd209775-2933-43ed-91eb-a139af434955.jpg",
        "id": "7d3f204d",
        "owner_id": null,
        "created_at": "2026-02-14T06:23:07.866722",
        "created_by": "7780925372",
        "last_edited": null,
        "edited_by": null
    },
    {
        "name": "Капи с папсом и Жорой",
        "rarity": "обычно-редкая",
        "positive": "П.а.п.с.",
        "negative": "",
        "price": 8,
        "coins": 6,
        "image_path": "bot_data/images/a7dd0ca5-ea01-427b-b29b-f7ddba962aba.jpg",
        "id": "397e7d79",
        "owner_id": "6051914289",
        "created_at": "2026-02-14T06:52:54.157436",
        "created_by": "5235338087",
        "last_edited": null,
        "edited_by": null
    },
    {
        "name": "Риск(лорный перс JC)",
        "rarity": "мифическая",
        "positive": "Монетка Риска",
        "negative": "Потрачено 411$",
        "price": 25,
        "coins": 23,
        "image_path": "bot_data/images/475cf756-9cea-4874-8b26-6f45a99cb6bc.jpg",
        "id": "2ebe92c6",
        "owner_id": "2009070396",
        "created_at": "2026-02-14T06:58:38.408170",
        "created_by": "5235338087",
        "last_edited": null,
        "edited_by": null
    },
    {
        "name": "Священная мотыга",
        "rarity": "редкая",
        "positive": "урожай",
        "negative": "",
        "price": 10,
        "coins": 8,
        "image_path": "bot_data/images/c89d6189-891f-4e35-bd3f-2d66e405b164.jpg",
        "id": "7f4ff3ce",
        "owner_id": "8421515628",
        "created_at": "2026-02-14T07:04:08.362413",
        "created_by": "5235338087",
        "last_edited": null,
        "edited_by": null
    },
    {
        "name": "Пончек Хлэп",
        "rarity": "редко-мифическая",
        "positive": "Чёрствый хлеб",
        "negative": "-1 онлайн",
        "price": 18,
        "coins": 16,
        "image_path": "bot_data/images/b493ac2a-bb79-42c5-826b-ba55ef43e2ae.jpg",
        "id": "da9e3b27",
        "owner_id": "8421515628",
        "created_at": "2026-02-14T07:07:07.657457",
        "created_by": "5235338087",
        "last_edited": null,
        "edited_by": null
    },
    {
        "name": "Риск кидает Скалксоула",
        "rarity": "обычная",
        "positive": "- Помощник Тома",
        "negative": "Том злой🤬",
        "price": 5,
        "coins": 3,
        "image_path": "bot_data/images/bf3540a4-5554-4660-9d9c-d94ba4b4f9d8.jpg",
        "id": "07c4d1bf",
        "owner_id": "7780925372",
        "created_at": "2026-02-14T07:09:20.447403",
        "created_by": "5235338087",
        "last_edited": null,
        "edited_by": null
    },
    {
        "name": "Риск кидает Скалксоула 2",
        "rarity": "обычная",
        "positive": "- Помощник Тома 2",
        "negative": "Том злой х2🤬🤬",
        "price": 5,
        "coins": 3,
        "image_path": "bot_data/images/ebdd884a-e6d4-422d-83fe-b80d5d068df5.jpg",
        "id": "a28e2c12",
        "owner_id": "6227005772",
        "created_at": "2026-02-14T07:10:44.404839",
        "created_by": "5235338087",
        "last_edited": null,
        "edited_by": null
    },
    {
        "name": "Риск убивает Скалксоула",
        "rarity": "мифо-легендарная",
        "positive": "Убит помощник Тома🥰",
        "negative": "Марк теперь под контролем Тома",
        "price": 14,
        "coins": 12,
        "image_path": "bot_data/images/10ca0d76-8a3e-4eff-ae8d-aaf2d002d82d.jpg",
        "id": "a95b7671",
        "owner_id": null,
        "created_at": "2026-02-14T07:12:15.828568",
        "created_by": "5235338087",
        "last_edited": null,
        "edited_by": null
    },
    {
        "name": "Зараженный Носок",
        "rarity": "обычная",
        "positive": "",
        "negative": "Заражён еще один джугер",
        "price": 5,
        "coins": 3,
        "image_path": "bot_data/images/0cbe94e9-2825-40ba-90e6-7c9e24b351b9.jpg",
        "id": "3052d758",
        "owner_id": "2009070396",
        "created_at": "2026-02-14T07:14:00.882094",
        "created_by": "5235338087",
        "last_edited": null,
        "edited_by": null
    },
    {
        "name": "поющий вадим",
        "rarity": "редкая",
        "positive": "круто поет",
        "negative": "рост 20 на 60",
        "price": 15,
        "coins": 13,
        "image_path": "bot_data/images/72a03c44-4125-43da-bf02-fcb708e6693a.jpg",
        "id": "2aa8f17d",
        "owner_id": "1582457672",
        "created_at": "2026-02-15T06:30:22.178495",
        "created_by": "7780925372",
        "last_edited": null,
        "edited_by": null
    },
    {
        "name": "верс Вадимов",
        "rarity": "легендо-легендарная",
        "positive": "шотают всех и все",
        "negative": "",
        "price": 40,
        "coins": 38,
        "image_path": "bot_data/images/77dfe5b4-72c4-4b01-8979-c2f13338bcba.jpg",
        "id": "2eeef717",
        "owner_id": null,
        "created_at": "2026-02-15T06:38:39.459213",
        "created_by": "7780925372",
        "last_edited": null,
        "edited_by": null
    },
    {
        "name": "МЕГА ВАДИМ",
        "rarity": "редкая",
        "positive": "его рост больше 20 см",
        "negative": "все еще жирный",
        "price": 15,
        "coins": 13,
        "image_path": "bot_data/images/ceee65a6-065f-41ff-ac9b-596bbbf881a1.jpg",
        "id": "37e4aed7",
        "owner_id": "5244278709",
        "created_at": "2026-02-15T06:40:26.273332",
        "created_by": "7780925372",
        "last_edited": null,
        "edited_by": null
    },
    {
        "name": "Кажется это не Пятерочка...",
        "rarity": "обычно-редкая",
        "positive": "+ 5 очка",
        "negative": "",
        "price": 8,
        "coins": 6,
        "image_path": "bot_data/images/f06d2c21-96d5-4c9a-84fb-eb409cd2b41d.jpg",
        "id": "68e03cf8",
        "owner_id": "6207613852",
        "created_at": "2026-02-15T08:00:54.574664",
        "created_by": "5235338087",
        "last_edited": null,
        "edited_by": null
    },
    {
        "name": "Носок рядом с фермой железа",
        "rarity": "обычная",
        "positive": "+ железо",
        "negative": "",
        "price": 5,
        "coins": 3,
        "image_path": "bot_data/images/220db6b9-977f-4658-93ae-f40c0b6a0043.jpg",
        "id": "36f35a74",
        "owner_id": "2086153612",
        "created_at": "2026-02-15T08:01:51.039411",
        "created_by": "5235338087",
        "last_edited": null,
        "edited_by": null
    },
    {
        "name": "Модник капи",
        "rarity": "обычно-редкая",
        "positive": "",
        "negative": "",
        "price": 10,
        "coins": 8,
        "image_path": "bot_data/images/4aeaf441-90ab-4c7e-82cb-7e2d63e8f719.jpg",
        "id": "5bdfc586",
        "owner_id": "2086153612",
        "created_at": "2026-02-15T08:02:41.147799",
        "created_by": "5235338087",
        "last_edited": null,
        "edited_by": null
    },
    {
        "name": "черешня",
        "rarity": "обычная",
        "positive": "вкусненько",
        "negative": "",
        "price": 5,
        "coins": 3,
        "image_path": "bot_data/images/35efdc40-d44d-48d4-a728-fd242dd72656.jpg",
        "id": "cf399d47",
        "owner_id": "5519584960",
        "created_at": "2026-02-15T08:03:42.817701",
        "created_by": "7780925372",
        "last_edited": null,
        "edited_by": null
    },
    {
        "name": "Инцидент с полом игрока",
        "rarity": "редко-мифическая",
        "positive": "+ женщина",
        "negative": "",
        "price": 12,
        "coins": 10,
        "image_path": "bot_data/images/7b50517c-67c9-44ec-92dd-f5c50810ae27.jpg",
        "id": "3b1231e9",
        "owner_id": null,
        "created_at": "2026-02-15T08:03:46.562114",
        "created_by": "5235338087",
        "last_edited": null,
        "edited_by": null
    },
    {
        "name": "Арт вилки : Они против Самураев",
        "rarity": "легендарная",
        "positive": "прекрасный арт",
        "negative": "война они и самураев",
        "price": 20,
        "coins": 18,
        "image_path": "bot_data/images/0e68c824-37c5-4d43-bca3-285d7ff1e60d.jpg",
        "id": "d900fe68",
        "owner_id": null,
        "created_at": "2026-02-15T08:05:16.677443",
        "created_by": "5235338087",
        "last_edited": null,
        "edited_by": null
    },
    {
        "name": "Лорный лагерь",
        "rarity": "обычно-редкая",
        "positive": "",
        "negative": "",
        "price": 6,
        "coins": 4,
        "image_path": "bot_data/images/2bd7f264-fb4f-49b7-81a2-7d4c80f644c7.jpg",
        "id": "81368551",
        "owner_id": "2086153612",
        "created_at": "2026-02-15T08:06:24.074335",
        "created_by": "5235338087",
        "last_edited": null,
        "edited_by": null
    },
    {
        "name": "Вирус Капи😱",
        "rarity": "легендарная",
        "positive": "",
        "negative": "Докс , списанное бабло , взломанный пк",
        "price": 20,
        "coins": 18,
        "image_path": "bot_data/images/9d21ae8e-50be-4098-bd6c-38480f22afa7.jpg",
        "id": "86aa9b20",
        "owner_id": null,
        "created_at": "2026-02-15T08:07:31.552340",
        "created_by": "5235338087",
        "last_edited": null,
        "edited_by": null
    },
    {
        "name": "тюленчик",
        "rarity": "редкая",
        "positive": "он холосенький что плям не могу",
        "negative": "",
        "price": 15,
        "coins": 13,
        "image_path": "bot_data/images/dd94c2f3-cf02-47ba-a1f4-15e7aa13b684.jpg",
        "id": "4348f034",
        "owner_id": "7780925372",
        "created_at": "2026-02-15T08:09:07.674247",
        "created_by": "7780925372",
        "last_edited": null,
        "edited_by": null
    },
    {
        "name": "Комару на войне",
        "rarity": "мифическая",
        "positive": "",
        "negative": "",
        "price": 18,
        "coins": 16,
        "image_path": "bot_data/images/9cf700a6-b257-4c6c-b2cf-1e2261b6c186.jpg",
        "id": "ce2f85e6",
        "owner_id": null,
        "created_at": "2026-02-15T08:11:59.636549",
        "created_by": "5235338087",
        "last_edited": null,
        "edited_by": null
    },
    {
        "name": "1 декабря",
        "rarity": "обычная",
        "positive": "начало года",
        "negative": "через месяц",
        "price": 5,
        "coins": 5,
        "image_path": "bot_data/images/df3eb45c-e204-4c0c-974d-c3794cd3508e.jpg",
        "id": "95b6abeb",
        "owner_id": "1582457672",
        "created_at": "2026-02-15T12:00:08.460881",
        "created_by": "6051914289",
        "last_edited": null,
        "edited_by": null
    },
    {
        "name": "2 декабря",
        "rarity": "обычная",
        "positive": "что тут еше сказать это 2 декабря",
        "negative": "ну вроде нет",
        "price": 5,
        "coins": 5,
        "image_path": "bot_data/images/842d123c-1312-4f66-aef7-9fc4ed6ecc50.jpg",
        "id": "78fbf401",
        "owner_id": "7780925372",
        "created_at": "2026-02-15T12:01:59.718291",
        "created_by": "6051914289",
        "last_edited": null,
        "edited_by": null
    },
    {
        "name": "3 декабря",
        "rarity": "обычная",
        "positive": "ну это 3 декабря лол",
        "negative": "",
        "price": 5,
        "coins": 5,
        "image_path": null,
        "id": "63c9a8f3",
        "owner_id": "6207613852",
        "created_at": "2026-02-15T12:03:38.992023",
        "created_by": "6051914289",
        "last_edited": null,
        "edited_by": null
    },
    {
        "name": "4 декабря",
        "rarity": "обычная",
        "positive": "4 декабря 4 декабря...",
        "negative": "",
        "price": 5,
        "coins": 5,
        "image_path": "bot_data/images/54b02088-5a16-4eb9-82e1-4341851723e8.jpg",
        "id": "62d6964e",
        "owner_id": "8421515628",
        "created_at": "2026-02-15T12:06:07.954684",
        "created_by": "6051914289",
        "last_edited": null,
        "edited_by": null
    },
    {
        "name": null,
        "rarity": "обычная",
        "positive": "+20 к юмору",
        "negative": "-30 к кербалности",
        "price": 5,
        "coins": 10,
        "image_path": "bot_data/images/9e6fae6c-09ce-46a1-96cd-b7a1d9614170.jpg",
        "id": "60021971",
        "owner_id": "8421515628",
        "created_at": "2026-02-15T12:24:46.098937",
        "created_by": "5244278709",
        "last_edited": null,
        "edited_by": null
    },
    {
        "name": "АШіБАЧКА",
        "rarity": "обычная",
        "positive": "+20 к математичности",
        "negative": "",
        "price": 5,
        "coins": 10,
        "image_path": "bot_data/images/c876ea24-62e5-4006-959c-74b8af3daf64.jpg",
        "id": "ddd10340",
        "owner_id": null,
        "created_at": "2026-02-15T12:26:57.485570",
        "created_by": "5244278709",
        "last_edited": null,
        "edited_by": null
    },
    {
        "name": "гениус возле великого монумента",
        "rarity": "обычная",
        "positive": "+30 капиности",
        "negative": "-10 гениусов",
        "price": 5,
        "coins": 10,
        "image_path": "bot_data/images/88804802-44ad-43bf-9732-896a44194e41.jpg",
        "id": "845038b4",
        "owner_id": null,
        "created_at": "2026-02-15T12:28:47.613120",
        "created_by": "5244278709",
        "last_edited": null,
        "edited_by": null
    },
    {
        "name": "яблочка",
        "rarity": "обычная",
        "positive": "черешня",
        "negative": "огурец",
        "price": 4,
        "coins": 6,
        "image_path": "bot_data/images/80cfcdb2-0b4e-4c8b-acac-c8ce1e3ac1b1.jpg",
        "id": "005afbf9",
        "owner_id": "6214668626",
        "created_at": "2026-02-15T12:38:24.249962",
        "created_by": "6051914289",
        "last_edited": null,
        "edited_by": null
    },
    {
        "name": "поверпойнт",
        "rarity": "обычная",
        "positive": "презентации",
        "negative": "1299руб",
        "price": 6,
        "coins": 7,
        "image_path": "bot_data/images/3333c66c-8b16-4b8c-88c2-5d410998f1fa.jpg",
        "id": "6400e44a",
        "owner_id": "6214668626",
        "created_at": "2026-02-15T12:40:28.762294",
        "created_by": "6051914289",
        "last_edited": null,
        "edited_by": null
    },
    {
        "name": "виндовс",
        "rarity": "обычная",
        "positive": "виндовс",
        "negative": "bsod",
        "price": 7,
        "coins": 1,
        "image_path": "bot_data/images/2257c964-ee9a-46ce-8685-2d61593e06d3.jpg",
        "id": "433059db",
        "owner_id": "5519584960",
        "created_at": "2026-02-15T12:44:03.860619",
        "created_by": "6051914289",
        "last_edited": null,
        "edited_by": null
    },
    {
        "name": "настройки",
        "rarity": "обычная",
        "positive": "настройки",
        "negative": "весят 500гб",
        "price": 6,
        "coins": 5,
        "image_path": "bot_data/images/9f8e414e-5ba8-4595-8686-05e76ad704de.jpg",
        "id": "3d78173e",
        "owner_id": "5235338087",
        "created_at": "2026-02-15T12:50:33.985168",
        "created_by": "6051914289",
        "last_edited": null,
        "edited_by": null
    }
]