{
    "6051914289": {
        "balance": 297,
        "cards": [
            "cb1c08fc",
            "07c4d1bf",
            "da9e3b27",
            "3052d758",
            "a28e2c12",
            "2aa8f17d",
            "60021971",
            "3d78173e",
            "397e7d79"
        ],
        "username": "zhorik200",
        "last_drop": "2026-02-16T05:37:58.395526",
        "first_name": "☭Жорик☭.........................................................",
        "last_name": ""
    },
    "7780925372": {
        "balance": 185,
        "cards": [
            "cb1c08fc",
            "a28e2c12",
            "397e7d79",
            "3052d758",
            "37e4aed7",
            "4348f034",
            "07c4d1bf",
            "cf399d47",
            "78fbf401"
        ],
        "username": "chesnocho",
        "first_name": "чеснок",
        "last_name": "",
        "last_drop": "2026-02-16T05:22:02.675927",
        "registered_at": "2026-02-14T05:35:27.543963"
    },
    "2009070396": {
        "balance": 146,
        "cards": [
            "2ebe92c6",
            "3052d758"
        ],
        "username": "",
        "first_name": "",
        "last_name": "",
        "last_drop": "2026-02-15T11:20:39.119747",
        "registered_at": "2026-02-14T06:03:51.479750"
    },
    "8421515628": {
        "balance": 302,
        "cards": [
            "cb1c08fc",
            "397e7d79",
            "07c4d1bf",
            "da9e3b27",
            "3052d758",
            "cf399d47",
            "37e4aed7",
            "36f35a74",
            "68e03cf8",
            "2aa8f17d",
            "7f4ff3ce",
            "95b6abeb",
            "62d6964e",
            "60021971"
        ],
        "username": "NOprostoYA",
        "first_name": "ProstoYA",
        "last_name": "",
        "last_drop": "2026-02-16T05:22:01.631233",
        "registered_at": "2026-02-14T06:29:24.133645"
    },
    "5244278709": {
        "balance": 130,
        "cards": [
            "3052d758",
            "cb1c08fc",
            "37e4aed7",
            "68e03cf8"
        ],
        "username": "fnskzlv",
        "first_name": "fnskzlv/сосиски13🤑",
        "last_name": "",
        "last_drop": "2026-02-15T12:24:52.822217",
        "registered_at": "2026-02-14T06:33:16.939952"
    },
    "5969521364": {
        "balance": 136,
        "cards": [
            "cb1c08fc",
            "a28e2c12",
            "3052d758",
            "62d6964e"
        ],
        "username": "",
        "first_name": "",
        "last_name": "",
        "last_drop": "2026-02-15T12:36:20.131249",
        "registered_at": "2026-02-14T06:40:45.633417"
    },
    "5235338087": {
        "balance": 160,
        "cards": [
            "07c4d1bf",
            "397e7d79",
            "68e03cf8",
            "3d78173e"
        ],
        "username": "stexpablo",
        "first_name": "Stex",
        "last_name": "",
        "last_drop": "2026-02-16T05:22:02.370433",
        "registered_at": "2026-02-14T06:40:59.516678"
    },
    "1427582320": {
        "balance": 123,
        "cards": [
            "07c4d1bf"
        ],
        "username": "",
        "first_name": "",
        "last_name": "",
        "last_drop": "2026-02-14T13:35:21.561191",
        "registered_at": "2026-02-14T06:48:10.535223"
    },
    "6214668626": {
        "balance": 133,
        "cards": [
            "6400e44a",
            "005afbf9"
        ],
        "username": "",
        "first_name": "",
        "last_name": "",
        "last_drop": "2026-02-16T05:22:01.622543",
        "registered_at": "2026-02-14T06:51:38.230048"
    },
    "6332402190": {
        "balance": 100,
        "cards": [],
        "username": "jPpUNKo",
        "first_name": "Ленин",
        "last_name": "🇷🇺",
        "last_drop": null,
        "registered_at": "2026-02-14T07:10:12.516058"
    },
    "6949546556": {
        "balance": 143,
        "cards": [
            "3052d758",
            "397e7d79",
            "5bdfc586",
            "36f35a74"
        ],
        "username": "",
        "first_name": "",
        "last_name": "",
        "last_drop": "2026-02-16T05:22:02.384378",
        "registered_at": "2026-02-14T07:14:22.222301"
    },
    "5519584960": {
        "balance": 116,
        "cards": [
            "a28e2c12",
            "397e7d79",
            "36f35a74",
            "cf399d47",
            "433059db"
        ],
        "username": "",
        "first_name": "",
        "last_name": "",
        "last_drop": "2026-02-16T09:39:35.377006",
        "registered_at": "2026-02-14T12:59:25.779781"
    },
    "1370507714": {
        "balance": 106,
        "cards": [
            "397e7d79"
        ],
        "username": "",
        "first_name": "",
        "last_name": "",
        "last_drop": "2026-02-14T12:59:33.262070",
        "registered_at": "2026-02-14T12:59:33.261326"
    },
    "6207613852": {
        "balance": 128,
        "cards": [
            "7f4ff3ce",
            "07c4d1bf",
            "3052d758",
            "63c9a8f3",
            "68e03cf8"
        ],
        "username": "",
        "first_name": "",
        "last_name": "",
        "last_drop": "2026-02-16T05:22:01.625839",
        "registered_at": "2026-02-14T13:03:02.008476"
    },
    "2086153612": {
        "balance": 139,
        "cards": [
            "cb1c08fc",
            "a28e2c12",
            "07c4d1bf",
            "2aa8f17d",
            "36f35a74",
            "5bdfc586",
            "81368551"
        ],
        "username": "Fork_Mrsvivivilka",
        "first_name": "вилка",
        "last_name": "",
        "last_drop": "2026-02-16T05:22:02.374112",
        "registered_at": "2026-02-14T13:13:53.662079"
    },
    "6227005772": {
        "balance": 109,
        "cards": [
            "397e7d79",
            "a28e2c12"
        ],
        "username": "",
        "first_name": "",
        "last_name": "",
        "last_drop": "2026-02-15T09:06:20.444493",
        "registered_at": "2026-02-14T13:15:42.469240"
    },
    "1087968824": {
        "balance": 118,
        "cards": [
            "397e7d79",
            "68e03cf8"
        ],
        "username": "",
        "first_name": "",
        "last_name": "",
        "last_drop": "2026-02-15T09:27:31.422140",
        "registered_at": "2026-02-14T13:43:48.077651"
    },
    "6483351997": {
        "balance": 109,
        "cards": [
            "68e03cf8",
            "3052d758"
        ],
        "username": "",
        "first_name": "",
        "last_name": "",
        "last_drop": "2026-02-15T10:27:27.129021",
        "registered_at": "2026-02-15T09:02:58.518131"
    },
    "1582457672": {
        "balance": 118,
        "cards": [
            "2aa8f17d",
            "95b6abeb"
        ],
        "username": "",
        "first_name": "",
        "last_name": "",
        "last_drop": "2026-02-16T09:39:35.372730",
        "registered_at": "2026-02-15T12:52:19.134450"
    }
}